year,hex,length,weight
2017 Release Fish ,3215,80,5.6
2017 Release Fish ,3225,82,6.1
2017 Release Fish ,3229,77,5.1
2017 Release Fish ,322D,82,6
2017 Release Fish ,3235,89,7.8
2017 Release Fish ,3245,75,4.7
2017 Release Fish ,3249,76,4.9
2017 Release Fish ,324B,91,9.2
2017 Release Fish ,324D,90,9.1
2017 Release Fish ,3252,86,7.6
2017 Release Fish ,3253,76,5.1
2017 Release Fish ,3254,84,6.9
2017 Release Fish ,3255,77,4.9
2017 Release Fish ,3257,81,5.8
2017 Release Fish ,3259,89,8.7
2017 Release Fish ,325A,81,6.4
2017 Release Fish ,325B,79,6
2017 Release Fish ,325D,75,4.9
2017 Release Fish ,3265,83,6.6
2017 Release Fish ,3269,78,5.4
2017 Release Fish ,326D,80,5.4
2017 Release Fish ,3275,77,5
2017 Release Fish ,3285,77,4.8
2017 Release Fish ,328A,86,7.3
2017 Release Fish ,328B,82,6.1
2017 Release Fish ,328D,88,8
2017 Release Fish ,3292,80,6.1
2017 Release Fish ,3293,80,6
2017 Release Fish ,3296,92,9.2
2017 Release Fish ,3299,82,6.6
2017 Release Fish ,329A,88,8.8
2017 Release Fish ,329B,77,5.1
2017 Release Fish ,329D,89,8.6
2017 Release Fish ,32A1,82,6.4
2017 Release Fish ,32A2,79,5
2017 Release Fish ,32A4,96,9.9
2017 Release Fish ,32A6,82,6.5
2017 Release Fish ,32A7,90,8.3
2017 Release Fish ,32A8,85,7.1
2017 Release Fish ,32A9,75,4.8
2017 Release Fish ,32AC,83,6.4
2017 Release Fish ,32AE,79,5.5
2017 Release Fish ,32B1,86,7
2017 Release Fish ,32B2,85,7.7
2017 Release Fish ,32B3,79,7.6
2017 Release Fish ,32B4,83,6.4
2017 Release Fish ,32B6,89,8
2017 Release Fish ,32B7,77,5.1
2017 Release Fish ,32B9,81,5.7
2017 Release Fish ,32BA,90,8.2
2017 Release Fish ,32BB,78,4.86
2017 Release Fish ,32BD,75,4.8
2017 Release Fish ,32CA,83,6.8
2017 Release Fish ,32CB,82,5.6
2017 Release Fish ,32CD,79,5.5
2017 Release Fish ,3329,81,6
2017 Release Fish ,332B,84,6.7
2017 Release Fish ,3335,77,5.4
2017 Release Fish ,3349,74,4.7
2017 Release Fish ,334B,76,5.2
2017 Release Fish ,3351,81,5.8
2017 Release Fish ,3352,82,6.3
2017 Release Fish ,3353,75,4.8
2017 Release Fish ,3354,89,8.3
2017 Release Fish ,3356,82,6.2
2017 Release Fish ,3357,86,7.8
2017 Release Fish ,3359,81,5.7
2017 Release Fish ,335A,82,6.1
2017 Release Fish ,3365,81,5.8
2017 Release Fish ,3369,76,5.1
2017 Release Fish ,336A,72,5.1
2017 Release Fish ,336B,86,7.5
2017 Release Fish ,336D,80,6.1
2017 Release Fish ,3395,79,5.6
2017 Release Fish ,33A5,83,6
2017 Release Fish ,33AB,85,6.7
2017 Release Fish ,33AD,80,6.2
2017 Release Fish ,33B5,76,4.9
2017 Release Fish ,33D5,82,6.2
2017 Release Fish ,3415,82,6.4
2017 Release Fish ,3493,77,5
2017 Release Fish ,3494,84,6.6
2017 Release Fish ,3496,82,6.6
2017 Release Fish ,3499,78,5.5
2017 Release Fish ,3524,79,5.9
2017 Release Fish ,3528,88,7.3
2017 Release Fish ,352D,80,6.2
2017 Release Fish ,352E,78,5.3
2017 Release Fish ,352F,81,6.2
2017 Release Fish ,3531,88,8.3
2017 Release Fish ,3532,81,5.8
2017 Release Fish ,3535,87,7.9
2017 Release Fish ,3536,75,5
2017 Release Fish ,3537,76,4.9
2017 Release Fish ,353B,83,6.9
2017 Release Fish ,353D,88,8.1
2017 Release Fish ,3542,84,6.7
2017 Release Fish ,3543,87,7.3
2017 Release Fish ,3544,77,5.1
2017 Release Fish ,355B,84,7
2017 Release Fish ,3563,76,4.7
2017 Release Fish ,3564,88,7.2
2017 Release Fish ,3565,76,5.3
2017 Release Fish ,3576,84,6.7
2017 Release Fish ,3579,82,7.4
2017 Release Fish ,357A,81,6.4
2017 Release Fish ,357B,77,4.9
2017 Release Fish ,357D,78,5
2017 Release Fish ,3585,77,5.3
2017 Release Fish ,358D,80,5.3
2017 Release Fish ,3591,82,6.3
2017 Release Fish ,3592,79,5.5
2017 Release Fish ,3594,75,4.6
2017 Release Fish ,3595,76,5.1
2017 Release Fish ,3596,77,5.2
2017 Release Fish ,3597,84,6.9
2017 Release Fish ,359B,80,6
2017 Release Fish ,359D,83,6.6
2017 Release Fish ,35A1,82,6.1
2017 Release Fish ,35A2,85,7.3
2017 Release Fish ,35A3,89,7.1
2017 Release Fish ,35A5,76,4.9
2017 Release Fish ,35A8,78,5
2017 Release Fish ,35AB,82,6.1
2017 Release Fish ,35AC,74,4.8
2017 Release Fish ,35AE,83,7.1
2017 Release Fish ,35B3,79,5.6
2017 Release Fish ,35B5,76,4.9
2017 Release Fish ,35B7,77,5.6
2017 Release Fish ,35B9,77,5.3
2017 Release Fish ,35BA,77,5.2
2017 Release Fish ,35BB,77,4.9
2017 Release Fish ,35C5,83,6.5
2017 Release Fish ,35C9,75,4.6
2017 Release Fish ,35CA,76,4.8
2017 Release Fish ,35CB,78,5.2
2017 Release Fish ,35CD,82,6.3
2017 Release Fish ,35D3,76,4.8
2017 Release Fish ,35D4,82,6.3
2017 Release Fish ,35D5,84,6.6
2017 Release Fish ,35D6,84,6.8
2017 Release Fish ,35D7,80,5.5
2017 Release Fish ,35D9,80,5.6
2017 Release Fish ,35DB,84,7.4
2017 Release Fish ,3500000,91,8.5
2017 Release Fish ,3629,77,5.3
2017 Release Fish ,3CA9,83,7
2017 Release Fish ,3D29,77,5.5
2017 Release Fish ,3D2B,98,10.7
2017 Release Fish ,3D55,85,7.1
2017 Release Fish ,3D5B,83,6.4
2017 Release Fish ,3D65,87,7.6
2017 Release Fish ,3D75,89,8.6
2017 Release Fish ,3DA5,88,7.8
2017 Release Fish ,3DAB,93,9.2
2017 Release Fish ,3DAD,78,5.2
2017 Release Fish ,3EA9,84,6.4
2017 Release Fish ,3EAA,84,7.2
2017 Release Fish ,3EB5,82,6.7
2017 Release Fish ,3ED5,80,5.8
2017 Release Fish ,40A5,82,6.1
2017 Release Fish ,40AA,81,5.5
2017 Release Fish ,40AB,77,4.8
2017 Release Fish ,4154,80,6
2017 Release Fish ,4155,82,6.6
2017 Release Fish ,4156,78,5.4
2017 Release Fish ,4157,79,5.6
2017 Release Fish ,4159,80,5.8
2017 Release Fish ,415A,81,6.1
2017 Release Fish ,415D,91,9.1
2017 Release Fish ,4165,75,4.7
2017 Release Fish ,4169,76,4.9
2017 Release Fish ,416A,84,6.7
2017 Release Fish ,6A17,83,6.2
2017 Release Fish ,6A19,86,7.3
2017 Release Fish ,32D5,84,6.1
2017 Release Fish ,32DD,88,7.4
2017 Release Fish ,332D,89,8.3
2017 Release Fish ,334A,85,7
2017 Release Fish ,335D,82,6
2017 Release Fish ,3449,80,5.7
2017 Release Fish ,346B,84,6.9
2017 Release Fish ,34BD,75,5
2017 Release Fish ,34D6,83,6.5
2017 Release Fish ,34EA,78,5.1
2017 Release Fish ,3519,94,9.5
2017 Release Fish ,351B,88,7.7
2017 Release Fish ,3527,77,5.3
2017 Release Fish ,352C,87,7.5
2017 Release Fish ,3534,87,7.6
2017 Release Fish ,353A,90,7.9
2017 Release Fish ,355E,90,9.5
2017 Release Fish ,356E,88,7.8
2017 Release Fish ,3571,90,8.5
2017 Release Fish ,358B,85,7.1
2017 Release Fish ,35AD,93,8.6
2017 Release Fish ,35B4,85,6.7
2017 Release Fish ,35BD,85,7.3
2017 Release Fish ,35ED,78,5.3
2017 Release Fish ,35F5,89,8.5
2017 Release Fish ,3615,89,8.1
2017 Release Fish ,362D,84,7
2017 Release Fish ,365A,86,7.2
2017 Release Fish ,3669,78,5.1
2017 Release Fish ,3691,82,6.8
2017 Release Fish ,3692,79,5.4
2017 Release Fish ,3693,87,7.9
2017 Release Fish ,36A8,75,5
2017 Release Fish ,36A9,91,8.6
2017 Release Fish ,36AB,85,6.6
2017 Release Fish ,36AC,85,7
2017 Release Fish ,36B1,85,7.3
2017 Release Fish ,36B2,77,5
2017 Release Fish ,36BB,77,5.5
2017 Release Fish ,36BD,83,7.2
2017 Release Fish ,36C5,80,7.2
2017 Release Fish ,36C9,80,5.7
2017 Release Fish ,36CA,79,5.6
2017 Release Fish ,36DA,82,6.3
2017 Release Fish ,36DB,86,7.8
2017 Release Fish ,36DD,82,6.3
2017 Release Fish ,3600000,85,7.1
2017 Release Fish ,36EA,78,5.6
2017 Release Fish ,36EB,90,7.8
2017 Release Fish ,36ED,84,6.5
2017 Release Fish ,3725,88,8.6
2017 Release Fish ,3729,94,9.6
2017 Release Fish ,372A,72,5
2017 Release Fish ,372B,86,7.5
2017 Release Fish ,372D,85,7.3
2017 Release Fish ,3745,90,8.1
2017 Release Fish ,3749,93,9.4
2017 Release Fish ,374A,83,6.5
2017 Release Fish ,374B,82,6.1
2017 Release Fish ,375A,86,7
2017 Release Fish ,375B,85,7.1
2017 Release Fish ,3765,72,4.9
2017 Release Fish ,3769,78,5.6
2017 Release Fish ,376A,82,6.3
2017 Release Fish ,376B,79,6.2
2017 Release Fish ,3775,93,9.4
2017 Release Fish ,3795,83,6.3
2017 Release Fish ,37A5,74,4.6
2017 Release Fish ,38A9,89,8
2017 Release Fish ,38AD,81,6
2017 Release Fish ,3915,82,5.9
2017 Release Fish ,394D,84,6.3
2017 Release Fish ,39A5,74,4.6
2017 Release Fish ,39A9,80,5.9
2017 Release Fish ,39B5,79,5.4
2017 Release Fish ,39D5,87,7.8
2017 Release Fish ,3A45,80,6
2017 Release Fish ,3A5A,82,6.5
2017 Release Fish ,3AA1,85,7.3
2017 Release Fish ,3AA3,83,6.7
2017 Release Fish ,3AA4,81,6
2017 Release Fish ,3AA6,80,5.7
2017 Release Fish ,3AA8,82,6.9
2017 Release Fish ,3AB2,85,7.3
2017 Release Fish ,3AB4,88,8.1
2017 Release Fish ,3AB5,82,6.4
2017 Release Fish ,3AB7,78,5.2
2017 Release Fish ,3AB9,84,7.1
2017 Release Fish ,3ABB,84,6.6
2017 Release Fish ,3AC9,77,5.2
2017 Release Fish ,3ACB,78,5.7
2017 Release Fish ,3AD9,79,5.5
2017 Release Fish ,3ADA,77,5.2
2017 Release Fish ,3AE9,81,6.1
2017 Release Fish ,3AEA,84,6.7
2017 Release Fish ,3AEB,89,8.4
2017 Release Fish ,3B53,87,7.4
2017 Release Fish ,3B5B,77,5
2017 Release Fish ,3BA5,78,5.2
2017 Release Fish ,3BA9,80,5.7
2017 Release Fish ,3BAA,79,5.4
2017 Release Fish ,3BD5,80,5.9
2017 Release Fish ,6979,84,6.9
2017 Release Fish ,697A,82,6.2
2017 Release Fish ,697B,80,5.6
2017 Release Fish ,697D,79,5.4
2017 Release Fish ,6985,78,5.3
2017 Release Fish ,6989,84,6.2
2017 Release Fish ,698A,77,5
2017 Release Fish ,698B,81,5.7
2017 Release Fish ,698D,85,7
2017 Release Fish ,6991,80,6
2017 Release Fish ,6992,84,6.2
2017 Release Fish ,6993,84,6.9
2017 Release Fish ,6994,87,7.8
2017 Release Fish ,6995,90,8.5
2017 Release Fish ,6996,91,9.3
2017 Release Fish ,6997,76,4.7
2017 Release Fish ,6999,85,7.3
2017 Release Fish ,699A,76,4.9
2017 Release Fish ,699B,86,7.4
2017 Release Fish ,69A1,84,6.7
2017 Release Fish ,69A2,83,6.6
2017 Release Fish ,69A3,88,8.3
2017 Release Fish ,69A4,89,7.8
2017 Release Fish ,69A5,83,6.7
2017 Release Fish ,69A6,87,7.3
2017 Release Fish ,69A7,86,6.7
2017 Release Fish ,69A8,85,7
2017 Release Fish ,69A9,86,7.4
2017 Release Fish ,69AB,87,7.8
2017 Release Fish ,69AC,90,8.9
2017 Release Fish ,69AD,87,7.3
2017 Release Fish ,69AE,88,8.2
2017 Release Fish ,69AF,89,8.1
2017 Release Fish ,69B1,88,8
2017 Release Fish ,69B2,91,8.9
2017 Release Fish ,69B3,77,5.5
2017 Release Fish ,69B4,83,6.4
2017 Release Fish ,69B7,84,6.5
2017 Release Fish ,69B9,84,6.6
2017 Release Fish ,69BA,85,6.6
2017 Release Fish ,69BB,86,7.3
2017 Release Fish ,69BD,89,8.6
2017 Release Fish ,69C5,75,4.7
2017 Release Fish ,69C9,80,5.7
2017 Release Fish ,69CA,84,6.8
2017 Release Fish ,69CB,78,5.5
2017 Release Fish ,69CD,75,4.6
2017 Release Fish ,69D1,83,6.7
2017 Release Fish ,69D3,84,6.7
2017 Release Fish ,69D4,77,5.2
2017 Release Fish ,69D5,85,7.2
2017 Release Fish ,69D6,86,7.4
2017 Release Fish ,69D7,77,5.2
2017 Release Fish ,69D9,92,9
2017 Release Fish ,69DA,93,9.1
2017 Release Fish ,69DB,80,5.6
2017 Release Fish ,69DD,87,7.4
2017 Release Fish ,6900000,76,5.4
2017 Release Fish ,69000000000,83,6.6
2017 Release Fish ,69EA,88,8.2
2017 Release Fish ,69EB,84,6.6
2017 Release Fish ,69ED,84,6.5
2017 Release Fish ,6A05,85,7.2
2017 Release Fish ,6A09,85,6.6
2017 Release Fish ,6A0A,90,7.5
2017 Release Fish ,6A0B,84,6.3
2017 Release Fish ,6A0D,76,5.2
2017 Release Fish ,6A11,86,7.6
2017 Release Fish ,6A12,79,6
2017 Release Fish ,6A13,81,6.3
2017 Release Fish ,6A14,83,6.5
2017 Release Fish ,6A15,85,6.9
2017 Release Fish ,6A16,86,8
2017 Release Fish ,2ECB,84,7.2
2017 Release Fish ,2ECD,78,5.8
2017 Release Fish ,2ED1,78,5.4
2017 Release Fish ,2ED2,76,4.8
2017 Release Fish ,2ED3,78,5.1
2017 Release Fish ,2ED6,75,5.4
2017 Release Fish ,2ED7,79,6.2
2017 Release Fish ,2ED9,83,6.9
2017 Release Fish ,2EDA,78,5.1
2017 Release Fish ,2EDB,80,6.3
2017 Release Fish ,2EDD,82,6.5
2017 Release Fish ,2EE5,77,5.8
2017 Release Fish ,2EEA,75,4.8
2017 Release Fish ,2EEB,90,9.5
2017 Release Fish ,2EED,72,5.5
2017 Release Fish ,2EF5,81,6.5
2017 Release Fish ,2F15,74,4.8
2017 Release Fish ,2F29,82,7
2017 Release Fish ,2F2A,85,6.7
2017 Release Fish ,2F2D,82,6.6
2017 Release Fish ,2F35,75,4.9
2017 Release Fish ,2F45,82,6.7
2017 Release Fish ,2F49,75,4.8
2017 Release Fish ,2F4A,76,5.7
2017 Release Fish ,2F4B,75,4.5
2017 Release Fish ,2F51,82,6.6
2017 Release Fish ,2F52,79,5.5
2017 Release Fish ,2F53,80,5.7
2017 Release Fish ,2F54,78,5.9
2017 Release Fish ,2F55,82,6.8
2017 Release Fish ,2F56,79,5.9
2017 Release Fish ,2F57,80,6
2017 Release Fish ,2F59,83,6.9
2017 Release Fish ,2F5A,75,4.8
2017 Release Fish ,2F5B,75,5.2
2017 Release Fish ,2F5D,77,5.9
2017 Release Fish ,2F65,80,5.9
2017 Release Fish ,2F69,76,5.4
2017 Release Fish ,2F6A,81,6.1
2017 Release Fish ,2F6B,80,6.1
2017 Release Fish ,2F6D,81,6.8
2017 Release Fish ,2F75,79,6.1
2017 Release Fish ,2F95,79,5.7
2017 Release Fish ,2FA5,78,6.1
2017 Release Fish ,2FA9,79,5.9
2017 Release Fish ,2FAA,81,6.4
2017 Release Fish ,2FAB,75,5.1
2017 Release Fish ,2FAD,73,4.5
2017 Release Fish ,2FB5,83,6.5
2017 Release Fish ,2FD5,82,6.8
2017 Release Fish ,3055,79,5.8
2017 Release Fish ,3095,82,6.5
2017 Release Fish ,30A5,78,5.7
2017 Release Fish ,30A9,75,5.4
2017 Release Fish ,30AA,76,4.9
2017 Release Fish ,30AB,83,6.9
2017 Release Fish ,30AD,70,5
2017 Release Fish ,30B5,80,6.2
2017 Release Fish ,3115,76,5.1
2017 Release Fish ,3125,80,5.7
2017 Release Fish ,3129,88,8.1
2017 Release Fish ,312B,86,7.4
2017 Release Fish ,312D,71,5.4
2017 Release Fish ,3135,83,7.3
2017 Release Fish ,3145,79,5.9
2017 Release Fish ,3149,73,5.4
2017 Release Fish ,32D9,81,6.8
2017 Release Fish ,32DA,75,5.3
2017 Release Fish ,3452,83,6.7
2017 Release Fish ,3453,79,5.7
2017 Release Fish ,3454,76,5
2017 Release Fish ,3456,83,6.2
2017 Release Fish ,3459,80,7.6
2017 Release Fish ,345B,78,5.4
2017 Release Fish ,345D,73,4.9
2017 Release Fish ,3465,74,5.2
2017 Release Fish ,3469,80,6.3
2017 Release Fish ,346A,77,5
2017 Release Fish ,346D,70,4.5
2017 Release Fish ,3475,74,5.1
2017 Release Fish ,3485,84,6.7
2017 Release Fish ,3489,81,6.9
2017 Release Fish ,348B,89,8.1
2017 Release Fish ,348D,77,6.2
2017 Release Fish ,3491,84,6.8
2017 Release Fish ,3492,78,5.7
2017 Release Fish ,349A,72,4.5
2017 Release Fish ,349B,80,6.3
2017 Release Fish ,362A,85,7.2
2017 Release Fish ,36D7,82,6.5
2017 Release Fish ,3945,78,5.9
2017 Release Fish ,3952,75,5.5
2017 Release Fish ,3A53,78,5.2
2017 Release Fish ,3A54,75,5
2017 Release Fish ,3A55,79,5.7
2017 Release Fish ,3A56,75,4.8
2017 Release Fish ,3A57,79,4.7
2017 Release Fish ,3CAA,81,5.9
2017 Release Fish ,3CAB,77,5
2017 Release Fish ,3CAD,81,7
2017 Release Fish ,3CB5,74,5.6
2017 Release Fish ,3CD5,77,5.7
2017 Release Fish ,3D15,75,5.1
2017 Release Fish ,3D25,77,5.2
2017 Release Fish ,3D2A,82,6.3
2017 Release Fish ,3D35,77,6.1
2017 Release Fish ,3D45,75,4.9
2017 Release Fish ,3D49,76,5.2
2017 Release Fish ,3D4A,78,5.9
2017 Release Fish ,3D4B,86,7.4
2017 Release Fish ,3D4D,76,5.5
2017 Release Fish ,3D51,78,5.25
2017 Release Fish ,3D52,77,5.4
2017 Release Fish ,3D54,75,5.2
2017 Release Fish ,3D56,79,6.3
2017 Release Fish ,3D57,72,4.6
2017 Release Fish ,3D59,75,5.6
2017 Release Fish ,3D5A,75,4.9
2017 Release Fish ,3D5D,76,4.9
2017 Release Fish ,3D6A,77,5.3
2017 Release Fish ,3D6B,80,5.8
2017 Release Fish ,3D6D,78,6
2017 Release Fish ,3D95,80,6.2
2017 Release Fish ,3DA9,76,5
2017 Release Fish ,3DAA,81,6.5
2017 Release Fish ,3DB5,76,4.8
2017 Release Fish ,3.00E+95,84,6.5
2017 Release Fish ,3EA5,74,4.6
2017 Release Fish ,3EAB,73,4.9
2017 Release Fish ,3F55,77,6.1
2017 Release Fish ,4055,76,5.1
2017 Release Fish ,4095,83,6.5
2017 Release Fish ,40AD,78,5.7
2017 Release Fish ,40B5,87,8.3
2017 Release Fish ,40D5,80,5.8
2017 Release Fish ,4115,76,5.4
2017 Release Fish ,4125,79,6.1
2017 Release Fish ,4129,83,6.6
2017 Release Fish ,412A,76,5.4
2017 Release Fish ,412B,76,4.9
2017 Release Fish ,412D,85,7.3
2017 Release Fish ,4135,85,7.1
2017 Release Fish ,4145,72,5.2
2017 Release Fish ,4149,83,7.2
2017 Release Fish ,414A,76,5
2017 Release Fish ,414B,85,7.3
2017 Release Fish ,414D,79,5.7
2017 Release Fish ,4151,77,5.25
2017 Release Fish ,4152,77,4.9
2017 Release Fish ,4153,75,5.2
2017 Release Fish ,416B,74,4.9
2017 Release Fish ,416D,77,6
2017 Release Fish ,4175,81,6.5
2017 Release Fish ,4195,82,6.74
2017 Release Fish ,41A5,79,5.8
2017 Release Fish ,41A9,73,5.3
2017 Release Fish ,41AA,80,6.4
2017 Release Fish ,41AB,72,5
2017 Release Fish ,41AD,75,5.2
2017 Release Fish ,41B5,80,5.6
2017 Release Fish ,41D5,78,5.2
2017 Release Fish ,4225,74,4.9
2017 Release Fish ,4229,80,5.8
2017 Release Fish ,422A,77,5.9
2017 Release Fish ,422B,80,6.7
2017 Release Fish ,422D,72,5
2017 Release Fish ,4235,72,5.7
2017 Release Fish ,4245,71,4.8
2017 Release Fish ,4249,83,6.8
2017 Release Fish ,424A,79,6.1
2017 Release Fish ,424B,83,7.2
2017 Release Fish ,4251,72,5.4
2017 Release Fish ,4252,83,7.2
2017 Release Fish ,4253,74,4.9
2017 Release Fish ,4254,85,7.7
2017 Release Fish ,32D2,76,5
2017 Release Fish ,32D4,81,6.8
2017 Release Fish ,32D6,82,7
2017 Release Fish ,3200000,87,8.5
2017 Release Fish ,32F5,82,6.3
2017 Release Fish ,3315,86,8.3
2017 Release Fish ,3325,82,7.1
2017 Release Fish ,342A,76,5.2
2017 Release Fish ,342D,80,6.6
2017 Release Fish ,3435,83,6.7
2017 Release Fish ,3445,77,6.3
2017 Release Fish ,344A,87,7.2
2017 Release Fish ,344B,83,6.6
2017 Release Fish ,344D,80,5.9
2017 Release Fish ,349D,78,6.1
2017 Release Fish ,34A1,80,6.8
2017 Release Fish ,34A2,82,7.1
2017 Release Fish ,34A3,89,8.6
2017 Release Fish ,34A4,72,4.7
2017 Release Fish ,34A6,80,6.5
2017 Release Fish ,34A8,83,7.5
2017 Release Fish ,34AC,81,6.8
2017 Release Fish ,34AE,80,7.1
2017 Release Fish ,34AF,85,7.8
2017 Release Fish ,34B1,85,7.5
2017 Release Fish ,34B2,84,6.9
2017 Release Fish ,34B3,81,5.9
2017 Release Fish ,34B4,88,8.6
2017 Release Fish ,34BB,72,4.6
2017 Release Fish ,34C5,75,5.3
2017 Release Fish ,34C9,75,5.3
2017 Release Fish ,34CB,77,6.2
2017 Release Fish ,34CD,80,6.3
2017 Release Fish ,34D1,85,7.6
2017 Release Fish ,34D3,78,6
2017 Release Fish ,34D7,82,6.3
2017 Release Fish ,34D9,85,7.9
2017 Release Fish ,34DA,78,5.8
2017 Release Fish ,34DB,79,5.7
2017 Release Fish ,34DD,76,6
2017 Release Fish ,3400000,86,8.4
2017 Release Fish ,34000000000,87,8.4
2017 Release Fish ,34EB,80,6.7
2017 Release Fish ,34F5,89,8.8
2017 Release Fish ,3509,83,7.1
2017 Release Fish ,350A,82,7.2
2017 Release Fish ,350B,79,6.2
2017 Release Fish ,3511,83,6.9
2017 Release Fish ,3513,85,8
2017 Release Fish ,3514,79,6.8
2017 Release Fish ,351A,76,5.7
2017 Release Fish ,351D,74,4.6
2017 Release Fish ,3521,76,5.5
2017 Release Fish ,3522,83,7.1
2017 Release Fish ,3523,87,8.4
2017 Release Fish ,3549,76,5.9
2017 Release Fish ,354B,81,6.5
2017 Release Fish ,354D,76,5.7
2017 Release Fish ,354E,80,6.6
2017 Release Fish ,354F,76,5.4
2017 Release Fish ,3551,82,7.2
2017 Release Fish ,3557,94,10.3
2017 Release Fish ,356C,86,7.7
2017 Release Fish ,356D,88,8.8
2017 Release Fish ,356F,77,6
2017 Release Fish ,3573,85,8.6
2017 Release Fish ,3574,83,7
2017 Release Fish ,3635,75,4.8
2017 Release Fish ,3649,86,8.5
2017 Release Fish ,364A,79,6.2
2017 Release Fish ,364D,82,7.2
2017 Release Fish ,3651,81,6.5
2017 Release Fish ,3653,78,6.6
2017 Release Fish ,3654,78,5.4
2017 Release Fish ,3656,78,6.3
2017 Release Fish ,3657,79,6.1
2017 Release Fish ,3659,82,6.7
2017 Release Fish ,365B,79,5.9
2017 Release Fish ,365D,83,7.3
2017 Release Fish ,3665,76,6.3
2017 Release Fish ,366A,79,6.3
2017 Release Fish ,366B,79,5.3
2017 Release Fish ,366D,83,7.1
2017 Release Fish ,3675,85,7.3
2017 Release Fish ,3685,84,7.7
2017 Release Fish ,368B,81,6.3
2017 Release Fish ,3694,82,7
2017 Release Fish ,3697,83,6.6
2017 Release Fish ,369D,79,5.9
2017 Release Fish ,36A1,80,7
2017 Release Fish ,36A4,78,7.2
2017 Release Fish ,36A5,87,8.5
2017 Release Fish ,36A7,80,6.3
2017 Release Fish ,36B3,79,6
2017 Release Fish ,36B4,79,5.7
2017 Release Fish ,36B5,80,5.9
2017 Release Fish ,36B6,77,5
2017 Release Fish ,36B9,78,5.9
2017 Release Fish ,36BA,82,6.6
2017 Release Fish ,36CD,80,5.9
2017 Release Fish ,36D2,76,6.3
2017 Release Fish ,36D3,81,6.1
2017 Release Fish ,36D4,82,7.2
2017 Release Fish ,36D6,90,8.5
2017 Release Fish ,374D,79,6.1
2017 Release Fish ,3751,82,7
2017 Release Fish ,3752,76,5.6
2017 Release Fish ,3754,80,5.9
2017 Release Fish ,3757,88,9.1
2017 Release Fish ,37AD,89,8.7
2017 Release Fish ,37B5,86,8.2
2017 Release Fish ,37D5,80,6.6
2017 Release Fish ,3895,77,5.9
2017 Release Fish ,3925,81,6.7
2017 Release Fish ,3929,84,6.5
2017 Release Fish ,392A,80,6.3
2017 Release Fish ,392B,79,6.5
2017 Release Fish ,3935,88,8.6
2017 Release Fish ,3955,82,7
2017 Release Fish ,3956,82,6.6
2017 Release Fish ,3957,83,6.9
2017 Release Fish ,395A,83,6.6
2017 Release Fish ,395B,75,4.9
2017 Release Fish ,3965,84,6.6
2017 Release Fish ,396A,91,9.2
2017 Release Fish ,396B,77,5.5
2017 Release Fish ,396D,77,5.1
2017 Release Fish ,3975,79,5.7
2017 Release Fish ,3A15,85,7.5
2017 Release Fish ,3A25,82,6.3
2017 Release Fish ,3A2A,81,6.4
2017 Release Fish ,3A2D,81,6.8
2017 Release Fish ,3A49,90,8.5
2017 Release Fish ,3A4A,79,6.3
2017 Release Fish ,3A4B,82,6
2017 Release Fish ,3A5D,75,5.4
2017 Release Fish ,3A85,79,6.4
2017 Release Fish ,3A89,84,7.3
2017 Release Fish ,3A8B,85,7.7
2017 Release Fish ,3A91,81,6.7
2017 Release Fish ,3A92,76,5
2017 Release Fish ,3A93,81,7
2017 Release Fish ,3A95,81,6.6
2017 Release Fish ,3A96,82,5.9
2017 Release Fish ,3A97,82,7.2
2017 Release Fish ,3A99,78,5.5
2017 Release Fish ,3A9A,82,6.8
2017 Release Fish ,3A9B,87,8.2
2017 Release Fish ,3A9D,82,7.1
2017 Release Fish ,3AA7,83,7
2017 Release Fish ,3AA9,87,7.8
2017 Release Fish ,3AAC,77,5.5
2017 Release Fish ,3AAD,75,5.9
2017 Release Fish ,3AAE,82,6.4
2017 Release Fish ,3AAF,83,7.6
2017 Release Fish ,3AC5,80,6.9
2017 Release Fish ,3ACD,91,9.4
2017 Release Fish ,3ADD,80,6.4
2017 Release Fish ,3AED,74,5
2017 Release Fish ,3B15,84,7.2
2017 Release Fish ,3B25,79,6.4
2017 Release Fish ,3B29,86,7.4
2017 Release Fish ,3B2A,76,5.3
2017 Release Fish ,3B2D,80,6.9
2017 Release Fish ,3B45,82,6.6
2017 Release Fish ,3B49,82,6.4
2017 Release Fish ,3B4A,76,5.2
2017 Release Fish ,3B4D,80,6.5
2017 Release Fish ,3B51,79,5.9
2017 Release Fish ,3B52,77,5.4
2017 Release Fish ,3B55,83,7.1
2017 Release Fish ,3B56,74,5.1
2017 Release Fish ,3B65,83,8.2
2017 Release Fish ,3B95,85,8.3
2017 Release Fish ,3BB5,76,5.7
2018 Release Fish ,82A4,81,5.7
2018 Release Fish ,7491,77,5
2018 Release Fish ,7A9A,75,4.6
2018 Release Fish ,728A,75,4.35
2018 Release Fish ,7AEB,79,5.1
2018 Release Fish ,734B,77,4.9
2018 Release Fish ,7457,76,5.4
2018 Release Fish ,7539,75,4.5
2018 Release Fish ,75D7,78,4.8
2018 Release Fish ,79A9,78,5.2
2018 Release Fish ,81AA,75,4.5
2018 Release Fish ,7AB5,79,5.2
2018 Release Fish ,75A1,78,5.2
2018 Release Fish ,74CD,77,4.9
2018 Release Fish ,76A5,80,5.3
2018 Release Fish ,7CA9,76,4.7
2018 Release Fish ,7D75,77,4.7
2018 Release Fish ,7533,84,6.25
2018 Release Fish ,7D2D,84,6.1
2018 Release Fish ,75EB,77,5.1
2018 Release Fish ,776B,80,5.3
2018 Release Fish ,825A,78,4.7
2018 Release Fish ,736A,79,5.2
2018 Release Fish ,76B4,77,4.6
2018 Release Fish ,7BAA,79,5.1
2018 Release Fish ,753D,75,4.5
2018 Release Fish ,72A1,78,4.9
2018 Release Fish ,7D54,75,4.4
2018 Release Fish ,764A,78,5.1
2018 Release Fish ,7AA2,79,4.9
2018 Release Fish ,7AA9,77,4.9
2018 Release Fish ,7AB1,77,4.8
2018 Release Fish ,7595,76,4.7
2018 Release Fish ,7D6B,78,4.8
2018 Release Fish ,764D,77,4.6
2018 Release Fish ,7475,78,4.6
2018 Release Fish ,79D5,78,5
2018 Release Fish ,76D2,73,4.35
2018 Release Fish ,72CD,77,4.7
2018 Release Fish ,82AD,76,4.6
2018 Release Fish ,72B1,77,4.6
2018 Release Fish ,72A8,74,4.4
2018 Release Fish ,732D,77,4.8
2018 Release Fish ,72DB,77,4.5
2018 Release Fish ,74BD,80,5.1
2018 Release Fish ,7694,75,4.4
2018 Release Fish ,76CA,76,4.3
2018 Release Fish ,752E,82,5.8
2018 Release Fish ,72D3,75,4.5
2018 Release Fish ,7315,77,5.2
2018 Release Fish ,72EB,77,4.8
2018 Release Fish ,83AA,80,5.7
2018 Release Fish ,82EA,76,4.8
2018 Release Fish ,7B56,79,5.2
2018 Release Fish ,78A5,75,4.3
2018 Release Fish ,72A9,77,4.8
2018 Release Fish ,73AA,75,4.5
2018 Release Fish ,76EA,77,4.8
2018 Release Fish ,724A,75,4.3
2018 Release Fish ,722B,83,5.6
2018 Release Fish ,842A,78,4.8
2018 Release Fish ,72AF,75,4.4
2018 Release Fish ,7548,76,4.7
2018 Release Fish ,7AA8,76,4.5
2018 Release Fish ,76AC,75,4.3
2018 Release Fish ,82D6,78,5
2018 Release Fish ,71B5,77,4.6
2018 Release Fish ,7.00E+95,78,4.8
2018 Release Fish ,7ABA,78,5.1
2018 Release Fish ,7229,79,5.2
2018 Release Fish ,769B,75,4.7
2018 Release Fish ,7335,78,4.9
2018 Release Fish ,7456,74,4.5
2018 Release Fish ,7D6A,76,4.4
2018 Release Fish ,7572,76,4.4
2018 Release Fish ,7775,77,5.1
2018 Release Fish ,7556,77,4.8
2018 Release Fish ,7929,84,6.2
2018 Release Fish ,7545,72,4.4
2018 Release Fish ,76AA,78,5.2
2018 Release Fish ,7759,79,4.9
2018 Release Fish ,7B54,75,4.4
2018 Release Fish ,759D,75,4.5
2018 Release Fish ,7485,78,5
2018 Release Fish ,75CB,75,4.6
2018 Release Fish ,74D3,81,5.6
2018 Release Fish ,744B,76,4.9
2018 Release Fish ,726B,76,4.6
2018 Release Fish ,7AD5,78,4.7
2018 Release Fish ,726A,78,5.2
2018 Release Fish ,7257,76,4.3
2018 Release Fish ,7429,74,4.3
2018 Release Fish ,7B2A,77,4.9
2018 Release Fish ,7445,78,4.8
2018 Release Fish ,759A,75,4.6
2018 Release Fish ,7345,83,5.7
2018 Release Fish ,74DB,80,5.3
2018 Release Fish ,7AA6,77,4.6
2018 Release Fish ,795A,77,4.65
2018 Release Fish ,7535,77,4.8
2018 Release Fish ,7B35,76,4.7
2018 Release Fish ,74D4,77,4.9
2018 Release Fish ,775B,75,4.6
2018 Release Fish ,7755,75,4.6
2018 Release Fish ,749D,81,5.7
2018 Release Fish ,76A6,78,5.1
2018 Release Fish ,7351,76,4.9
2018 Release Fish ,7D4B,78,4.9
2018 Release Fish ,7AD6,78,4.6
2018 Release Fish ,79A5,79,5.1
2018 Release Fish ,76D7,79,5
2018 Release Fish ,76BA,78,4.8
2018 Release Fish ,7751,78,4.5
2018 Release Fish ,7ABB,81,6
2018 Release Fish ,77D5,76,4.6
2018 Release Fish ,7259,77,4.9
2018 Release Fish ,7A52,78,4.9
2018 Release Fish ,72B7,75,4.4
2018 Release Fish ,75D6,77,4.9
2018 Release Fish ,736D,77,4.5
2018 Release Fish ,7356,78,4.5
2018 Release Fish ,7725,77,4.3
2018 Release Fish ,7D5B,75,4.4
2018 Release Fish ,82B5,82,5.1
2018 Release Fish ,75EA,80,5.2
2018 Release Fish ,7.60E+06,75,4.6
2018 Release Fish ,75D4,76,4.5
2018 Release Fish ,7451,82,5.4
2018 Release Fish ,7A25,75,4.4
2018 Release Fish ,7AA5,74,4.4
2018 Release Fish ,7A5D,77,4.4
2018 Release Fish ,76D4,75,4.6
2018 Release Fish ,759B,75,4.6
2018 Release Fish ,72B6,80,5.1
2018 Release Fish ,71D5,77,4.4
2018 Release Fish ,77A9,79,4.7
2018 Release Fish ,7496,77,4.7
2018 Release Fish ,735A,77,4.5
2018 Release Fish ,7BB5,79,5.2
2018 Release Fish ,7A53,77,4.9
2018 Release Fish ,7596,77,4.9
2018 Release Fish ,7576,76,4.4
2018 Release Fish ,749A,79,5.2
2018 Release Fish ,75CD,75,4.5
2018 Release Fish ,7.50E+06,79,5.1
2018 Release Fish ,7352,76,4.7
2018 Release Fish ,75A6,75,4.5
2018 Release Fish ,7536,74,4.3
2018 Release Fish ,7469,78,4.6
2018 Release Fish ,74ED,77,4.7
2018 Release Fish ,72F5,75,4.5
2018 Release Fish ,75ED,80,5.7
2018 Release Fish ,728B,79,5
2018 Release Fish ,75B5,76,4.8
2018 Release Fish ,768B,78,4.9
2018 Release Fish ,792D,78,5.2
2018 Release Fish ,7949,76,4.5
2018 Release Fish ,7564,79,5.1
2018 Release Fish ,71A9,76,4.8
2018 Release Fish ,75AF,75,4.5
2018 Release Fish ,792B,76,4.7
2018 Release Fish ,7655,77,4.6
2018 Release Fish ,82D4,75,4.4
2018 Release Fish ,756E,75,4.4
2018 Release Fish ,7512,83,6.1
2018 Release Fish ,7795,74,4.4
2018 Release Fish ,78AD,77,4.5
2018 Release Fish ,7BAB,75,4.6
2018 Release Fish ,7A15,78,5
2018 Release Fish ,74A3,79,4.9
2018 Release Fish ,724B,76,4.7
2018 Release Fish ,7497,79,5.2
2018 Release Fish ,7285,79,4.8
2018 Release Fish ,735D,78,4.7
2018 Release Fish ,7697,76,4.8
2018 Release Fish ,72DD,80,6.15
2018 Release Fish ,7EA5,79,5.77
2018 Release Fish ,7D5D,79,5.5
2018 Release Fish ,77AB,75,4.62
2018 Release Fish ,7579,73,4.4
2018 Release Fish ,774B,75,4.7
2018 Release Fish ,7493,75,4.7
2018 Release Fish ,7455,76,4.8
2018 Release Fish ,795B,77,5
2018 Release Fish ,76B9,77,4.7
2018 Release Fish ,7A93,75,4.4
2018 Release Fish ,7515,76,4.6
2018 Release Fish ,7534,76,5.1
2018 Release Fish ,7925,73,4.4
2018 Release Fish ,794D,77,5
2018 Release Fish ,75CA,77,5
2018 Release Fish ,7765,75,4.7
2018 Release Fish ,772A,75,4.6
2018 Release Fish ,7A54,74,4.5
2018 Release Fish ,7745,73,4.4
2018 Release Fish ,816A,77,5.3
2018 Release Fish ,82A6,76,4.8
2018 Release Fish ,7A6D,75,4.8
2018 Release Fish ,82A9,73,4.3
2018 Release Fish ,72EA,78,4.9
2018 Release Fish ,75B4,77,4.7
2018 Release Fish ,774D,79,5.1
2018 Release Fish ,7249,78,5.3
2018 Release Fish ,73AD,74,4.4
2018 Release Fish ,7A35,78,4.7
2018 Release Fish ,749B,78,5.4
2018 Release Fish ,72BB,75,4.4
2018 Release Fish ,7523,74,4.3
2018 Release Fish ,7355,75,4.4
2018 Release Fish ,7ACA,76,4.4
2018 Release Fish ,834A,75,4.5
2018 Release Fish ,7689,77,4.6
2018 Release Fish ,7D52,74,4.4
2018 Release Fish ,7A92,75,4.4
2018 Release Fish ,7369,73,4.2
2018 Release Fish ,76F5,81,6.8
2018 Release Fish ,757A,80,5.3
2018 Release Fish ,72A7,77,4.7
2018 Release Fish ,7D53,77,4.6
2018 Release Fish ,76ED,75,4.5
2018 Release Fish ,7995,75,4.5
2018 Release Fish ,7753,81,6
2018 Release Fish ,7297,76,4.7
2018 Release Fish ,7653,77,4.8
2018 Release Fish ,74EB,73,4.4
2018 Release Fish ,7A29,79,5.5
2018 Release Fish ,7529,75,4.7
2018 Release Fish ,765D,75,4.5
2018 Release Fish ,7561,75,4.6
2018 Release Fish ,76A3,78,4.9
2018 Release Fish ,7A49,73,4.7
2018 Release Fish ,7252,77,4.6
2018 Release Fish ,7657,76,4.6
2018 Release Fish ,7D5A,78,4.7
2018 Release Fish ,78AA,77,5.2
2018 Release Fish ,7532,74,4.5
2018 Release Fish ,822A,80,5.2
2018 Release Fish ,7749,76,4.4
2018 Release Fish ,74D7,75,4.5
2018 Release Fish ,792A,78,5
2018 Release Fish ,776D,79,5.4
2018 Release Fish ,74BB,76,4.5
2018 Release Fish ,7935,75,4.4
2018 Release Fish ,7AB3,74,4.3
2018 Release Fish ,7511,80,5.2
2018 Release Fish ,750A,75,4.4
2018 Release Fish ,7489,78,5.2
2018 Release Fish ,7253,75,4.6
2018 Release Fish ,7ACB,77,4.8
2018 Release Fish ,8155,78,4.7
2018 Release Fish ,7453,75,4.4
2018 Release Fish ,76A4,75,4.4
2018 Release Fish ,82A8,78,5.3
2018 Release Fish ,7AAB,80,6.1
2018 Release Fish ,75A4,76,4.6
2018 Release Fish ,729A,75,4.6
2018 Release Fish ,7B59,76,4.6
2018 Release Fish ,757B,79,4.8
2018 Release Fish ,7568,75,4.36
2018 Release Fish ,82A2,75,4.6
2018 Release Fish ,72AE,75,4.5
2018 Release Fish ,7353,77,4.8
2018 Release Fish ,812A,75,4.6
2018 Release Fish ,7D2A,73,4.3
2018 Release Fish ,72BD,77,4.6
2018 Release Fish ,74DA,75,4.4
2018 Release Fish ,7293,76,4.5
2018 Release Fish ,7A4A,79,5.1
2018 Release Fish ,76B2,77,4.5
2018 Release Fish ,7292,76,4.5
2018 Release Fish ,7395,77,4.6
2018 Release Fish ,7AA1,78,5
2018 Release Fish ,74B2,56,4.3
2018 Release Fish ,8154,78,4.7
2018 Release Fish ,7255,80,5
2018 Release Fish ,829A,77,4.8
2018 Release Fish ,76A1,79,4.9
2018 Release Fish ,754B,77,5
2018 Release Fish ,7542,75,4.5
2018 Release Fish ,7CAA,77,4.8
2018 Release Fish ,7AB4,78,4.9
2018 Release Fish ,7D4D,75,4.4
2018 Release Fish ,7.00E+55,76,4.6
2018 Release Fish ,76A9,78,5.3
2018 Release Fish ,7915,78,4.9
2018 Release Fish ,7563,75,4.6
2018 Release Fish ,7DB5,77,4.8
2018 Release Fish ,75DA,78,5.1
2018 Release Fish ,74B6,75,4.8
2018 Release Fish ,750B,74,4.4
2018 Release Fish ,7D35,77,4.5
2018 Release Fish ,74B9,82,5.4
2018 Release Fish ,745B,79,5.3
2018 Release Fish ,74AD,77,4.7
2018 Release Fish ,7DAD,83,5.8
2018 Release Fish ,75A3,82,5.6
2018 Release Fish ,7645,77,4.5
2018 Release Fish ,768D,77,4.8
2018 Release Fish ,7EAD,75,4.5
2018 Release Fish ,7375,79,5
2018 Release Fish ,72AD,78,5.3
2018 Release Fish ,732B,84,5.9
2018 Release Fish ,75A7,79,5
2018 Release Fish ,745A,77,4.6
2018 Release Fish ,765B,75,4.6
2018 Release Fish ,7B53,76,4.8
2018 Release Fish ,7A9D,75,4.5
2018 Release Fish ,7EAB,77,4.7
2018 Release Fish ,755D,77,4.7
2018 Release Fish ,7254,75,4.4
2018 Release Fish ,7509,74,4.6
2018 Release Fish ,7452,75,4.6
2018 Release Fish ,7754,77,4.7
2018 Release Fish ,76D5,80,5.22
2018 Release Fish ,7D2B,79,4.6
2018 Release Fish ,755F,76,4.4
2018 Release Fish ,7665,77,4.6
2018 Release Fish ,7597,78,5.3
2018 Release Fish ,751B,79,5.3
2018 Release Fish ,7553,78,4.8
2018 Release Fish ,742B,75,4.5
2018 Release Fish ,7B2D,78,4.9
2018 Release Fish ,7546,73,4.4
2018 Release Fish ,72B9,76,4.6
2018 Release Fish ,735B,76,4.6
2018 Release Fish ,7D15,77,4.7
2018 Release Fish ,7549,77,4.9
2018 Release Fish ,745D,76,4.5
2018 Release Fish ,7ADD,78,5.2
2018 Release Fish ,7955,78,5
2018 Release Fish ,7517,74,4.4
2018 Release Fish ,79B5,75,4.4
2018 Release Fish ,7.20E+10,78,4.7
2018 Release Fish ,72D9,75,4.5
2018 Release Fish ,72A5,74,4.5
2018 Release Fish ,766A,75,4.8
2018 Release Fish ,758D,82,5.5
2018 Release Fish ,76CD,77,4.8
2018 Release Fish ,7651,73,4.4
2018 Release Fish ,7957,79,5.4
2018 Release Fish ,7954,76,4.3
2018 Release Fish ,74D9,79,5.2
2018 Release Fish ,76DB,75,4.4
2018 Release Fish ,72B3,77,4.9
2018 Release Fish ,7CAD,76,4.2
2018 Release Fish ,7569,82,5.6
2018 Release Fish ,7574,74,4.4
2018 Release Fish ,7329,76,4.7
2018 Release Fish ,76AD,77,5
2018 Release Fish ,74EA,82,5.7
2018 Release Fish ,794A,84,6.2
2018 Release Fish ,725D,78,4.9
2018 Release Fish ,7B6B,81,5.8
2018 Release Fish ,7B57,73,4.1
2018 Release Fish ,7B5D,80,5.4
2018 Release Fish ,7629,77,4.7
2018 Release Fish ,7AC5,75,4.4
2018 Release Fish ,75D5,75,4.4
2018 Release Fish ,7855,75,4.3
2018 Release Fish ,7492,73,4.3
2018 Release Fish ,72D5,77,4.7
2018 Release Fish ,756C,77,4.9
2018 Release Fish ,7A89,74,4.4
2018 Release Fish ,7589,73,4.1
2018 Release Fish ,75D3,79,4.8
2018 Release Fish ,7A99,75,4.7
2018 Release Fish ,76AF,80,5.3
2018 Release Fish ,75D2,74,4.4
2018 Release Fish ,82B4,79,4.7
2018 Release Fish ,7AA3,80,5.4
2018 Release Fish ,8295,74,4.3
2018 Release Fish ,7AED,75,4.6
2018 Release Fish ,7D69,77,4.8
2018 Release Fish ,72C5,77,4.8
2018 Release Fish ,754E,73,4.4
2018 Release Fish ,7B6A,78,4.8
2018 Release Fish ,7B69,74,4.5
2018 Release Fish ,7A6B,73,4.2
2018 Release Fish ,71AA,75,4.6
2018 Release Fish ,82AB,75,4.5
2018 Release Fish ,74B3,75,4.5
2018 Release Fish ,77AA,79,5.5
2018 Release Fish ,77B5,78,4.9
2018 Release Fish ,75A5,74,4.3
2018 Release Fish ,8292,72,4.2
2018 Release Fish ,7A45,76,4.7
2018 Release Fish ,7625,76,4.7
2018 Release Fish ,7A56,77,4.7
2018 Release Fish ,7449,77,4.8
2018 Release Fish ,7D51,80,5.5
2018 Release Fish ,7B65,77,4.5
2018 Release Fish ,751A,80,5.4
2018 Release Fish ,7A57,78,5.4
2018 Release Fish ,7A2B,77,4.9
2018 Release Fish ,73A5,76,4.5
2018 Release Fish ,7AB2,77,4.7
2018 Release Fish ,73B5,79,4.8
2018 Release Fish ,7B6D,75,4.4
2018 Release Fish ,72A2,76,4.8
2018 Release Fish ,7.40E+10,80,5.6
2018 Release Fish ,7AD7,75,4.7
2018 Release Fish ,76A8,75,4.5
2018 Release Fish ,7652,76,4.6
2018 Release Fish ,769A,80,5.4
2018 Release Fish ,8356,74,4.2
2018 Release Fish ,74A9,75,4.5
2018 Release Fish ,7951,81,6
2018 Release Fish ,7550,77,4.8
2018 Release Fish ,7599,78,5.6
2018 Release Fish ,7A96,83,6.5
2018 Release Fish ,76B7,78,5.2
2018 Release Fish ,82AC,76,4.6
2018 Release Fish ,7752,74,4.3
2018 Release Fish ,7245,74,4.5
2018 Release Fish ,7558,75,4.5
2018 Release Fish ,8294,77,4.9
2018 Release Fish ,756B,75,4.5
2018 Release Fish ,7AF5,76,4.9
2018 Release Fish ,74F5,75,4.5
2018 Release Fish ,7CAB,76,4.9
2018 Release Fish ,7A65,80,5.9
2018 Release Fish ,736B,75,4.6
2018 Release Fish ,754F,72,4.3
2018 Release Fish ,7275,76,4.8
2018 Release Fish ,72AB,74,4.5
2018 Release Fish ,7D45,73,4.3
2018 Release Fish ,7375,76,4.6
2018 Release Fish ,76CB,76,4.8
2018 Release Fish ,78B5,77,5.1
2018 Release Fish ,775D,75,4.9
2018 Release Fish ,7BAD,79,5.5
2018 Release Fish ,7D95,76,4.3
2018 Release Fish ,7499,75,4.6
2018 Release Fish ,7715,74,4.6
2018 Release Fish ,753A,78,5.2
2018 Release Fish ,7551,79,5.4
2018 Release Fish ,7A55,76,4.7
2018 Release Fish ,74C9,79,5.7
2018 Release Fish ,7B29,75,5
2018 Release Fish ,7294,75,5
2018 Release Fish ,7494,81,5.5
2018 Release Fish ,7AB6,76,4.6
2018 Release Fish ,72A6,74,4.2
2018 Release Fish ,75A2,75,4.5
2018 Release Fish ,7D56,74,4.8
2018 Release Fish ,test,72,4.2
2018 Release Fish ,7349,76,4.4
2018 Release Fish ,72D7,73,4.3
2018 Release Fish ,7495,76,4.8
2018 Release Fish ,796D,76,4.8
2018 Release Fish ,75F5,72,4.6
2018 Release Fish ,75B1,74,4.4
2018 Release Fish ,772A,74,4.6
2018 Release Fish ,74A1,81,6.2
2018 Release Fish ,75AE,78,5.3
2018 Release Fish ,75DB,80,5.7
2018 Release Fish ,7AAC,77,4.9
2018 Release Fish ,72CA,78,5.1
2018 Release Fish ,758A,77,5.3
2018 Release Fish ,76DD,78,4.9
2018 Release Fish ,7CB5,78,6.3
2018 Release Fish ,7615,77,5.3
2018 Release Fish ,7654,73,4.5
2018 Release Fish ,832A,79,5.3
2018 Release Fish ,75BD,74,4.6
2018 Release Fish ,7.20E+06,75,4.7
2018 Release Fish ,74AE,79,5.4
2018 Release Fish ,82AE,76,4.4
2018 Release Fish ,7415,77,4.3
2018 Release Fish ,7557,75,4.3
2018 Release Fish ,7459,75,4.4
2018 Release Fish ,7CA5,78,4.3
2018 Release Fish ,7B15,77,4.9
2018 Release Fish ,7A2D,78,5.2
2018 Release Fish ,7325,76,4.5
2018 Release Fish ,82BA,73,4.3
2018 Release Fish ,7692,77,4.4
2018 Release Fish ,76EB,77,4.5
2018 Release Fish ,815A,77,4.3
2018 Release Fish ,7577,78,4.4
2018 Release Fish ,8152,77,4.9
2018 Release Fish ,7ADB,78,4.7
2018 Release Fish ,7296,78,4.9
2018 Release Fish ,7A51,77,4.7
2018 Release Fish ,7DA9,81,5.4
2018 Release Fish ,768A,79,5.3
2018 Release Fish ,7591,76,4.5
2018 Release Fish ,74A7,76,4.6
2018 Release Fish ,836A,80,5.3
2018 Release Fish ,7635,79,5.2
2018 Release Fish ,7B5A,78,4.6
2018 Release Fish ,8255,77,4.5
2018 Release Fish ,79AD,79,4.8
2018 Release Fish ,734D,78,5.5
2018 Release Fish ,758B,77,5.2
2018 Release Fish ,7AE9,76,5.1
2018 Release Fish ,7756,77,5.2
2018 Release Fish ,7A95,77,5.4
2018 Release Fish ,7519,74,4.8
2018 Release Fish ,82D2,77,5.4
2018 Release Fish ,7A85,75,5.1
2018 Release Fish ,7675,80,5.6
2018 Release Fish ,78D5,77,5
2018 Release Fish ,7537,83,6.6
2018 Release Fish ,76BD,82,6.3
2018 Release Fish ,75BA,76,5.3
2018 Release Fish ,7685,76,5.3
2018 Release Fish ,72D1,75,4.7
2018 Release Fish ,722D,74,4.8
2018 Release Fish ,7AB9,74,4.6
2018 Release Fish ,76D3,78,5.5
2018 Release Fish ,754D,76,5.1
2018 Release Fish ,74DD,76,5.1
2018 Release Fish ,7AD3,79,5.7
2018 Release Fish ,74B7,72,4.4
2018 Release Fish ,7265,75,5.2
2018 Release Fish ,7B4B,75,5.1
2018 Release Fish ,7ABD,76,4.5
2018 Release Fish ,76B6,73,4.5
2018 Release Fish ,794B,75,4.5
2018 Release Fish ,774A,74,4.1
2018 Release Fish ,7A94,74,4.1
2018 Release Fish ,7ACD,75,4.2
2018 Release Fish ,7299,82,6.1
2018 Release Fish ,7B49,82,6.2
2018 Release Fish ,75D1,76,4.8
2018 Release Fish ,75AC,78,5.2
2018 Release Fish ,7A5B,78,5.2
2018 Release Fish ,7522,76,4.6
2018 Release Fish ,7696,76,4.8
2018 Release Fish ,746D,78,5.3
2018 Release Fish ,75C5,74,4.4
2018 Release Fish ,7B45,76,4.3
2018 Release Fish ,74AB,75,4.3
2018 Release Fish ,734A,74,4.5
2018 Release Fish ,72CB,76,4.9
2018 Release Fish ,74B1,78,5
2018 Release Fish ,76AB,77,5
2018 Release Fish ,75AB,76,4.8
2018 Release Fish ,7269,75,4.5
2018 Release Fish ,74D1,77,4.7
2018 Release Fish ,80AA,77,5
2018 Release Fish ,7514,75,4.4
2018 Release Fish ,71AD,74,4.2
2018 Release Fish ,73D5,75,4.6
2018 Release Fish ,7AA4,79,5.4
2018 Release Fish ,75B6,82,5.6
2018 Release Fish ,7526,77,4.7
2018 Release Fish ,7AD1,75,4.4
2018 Release Fish ,7AC9,77,5.2
2018 Release Fish ,74D5,80,5.1
2018 Release Fish ,814A,73,4.2
2018 Release Fish ,76B3,76,4.8
2018 Release Fish ,7969,77,4.9
2018 Release Fish ,76D9,74,4.3
2018 Release Fish ,72AC,75,4.7
2018 Release Fish ,7BA5,74,4.5
2018 Release Fish ,7D55,78,4.7
2018 Release Fish ,7693,75,4.2
2018 Release Fish ,7521,77,4.6
2018 Release Fish ,7525,80,5.4
2018 Release Fish ,7D57,75,4.3
2018 Release Fish ,75DD,76,4.9
2018 Release Fish ,75C9,78,5.2
2018 Release Fish ,776A,73,4.6
2018 Release Fish ,74B4,78,5.2
2018 Release Fish ,7425,76,4.7
2018 Release Fish ,7543,78,5.1
2018 Release Fish ,74D2,74,4.4
2018 Release Fish ,7953,75,4.4
2018 Release Fish ,79AB,78,5
2018 Release Fish ,751D,86,6.8
2018 Release Fish ,7691,76,5
2018 Release Fish ,7DAA,75,4.5
2018 Release Fish ,72B2,75,4.4
2018 Release Fish ,75B7,73,4.3
2018 Release Fish ,7A8D,76,4.7
2018 Release Fish ,7AB7,77,4.6
2018 Release Fish ,7AA7,76,4.6
2018 Release Fish ,7D29,72,4.1
2018 Release Fish ,755E,74,4.3
2018 Release Fish ,7454,79,5.1
2018 Release Fish ,7256,74,4.4
2018 Release Fish ,7A69,78,5.1
2018 Release Fish ,7699,74,4.4
2018 Release Fish ,82B6,75,4.4
2018 Release Fish ,74BA,74,4.3
2018 Release Fish ,7289,75,4.6
2018 Release Fish ,757D,78,4.9
2018 Release Fish ,74A8,75,4.4
2018 Release Fish ,844A,75,4.5
2018 Release Fish ,8252,74,4.5
2018 Release Fish ,7956,75,4.7
2018 Release Fish ,7BA9,75,4.4
2018 Release Fish ,76C5,79,5.5
2018 Release Fish ,74CB,76,5
2018 Release Fish ,76B1,73,4.2
2018 Release Fish ,72A3,74,4.5
2018 Release Fish ,754C,75,4.5
2018 Release Fish ,7527,79,5.6
2018 Release Fish ,7AE5,74,4.6
2018 Release Fish ,7547,75,4.8
2018 Release Fish ,8296,75,4.6
2018 Release Fish ,7DA5,76,4.8
2018 Release Fish ,7575,77,5.4
2018 Release Fish ,72D2,80,5.5
2018 Release Fish ,742A,75,4.7
2018 Release Fish ,7C55,78,5.2
2018 Release Fish ,7AAD,75,4.5
2018 Release Fish ,77A5,76,4.7
2018 Release Fish ,7465,79,5.4
2018 Release Fish ,7585,80,5.5
2018 Release Fish ,7566,75,4.8
2018 Release Fish ,7D49,74,4.5
2018 Release Fish ,796B,79,5.4
2018 Release Fish ,74A6,76,4.7
2018 Release Fish ,748B,73,4.2
2018 Release Fish ,7524,74,4.5
2018 Release Fish ,7975,71,4.5
2018 Release Fish ,7A8B,76,4.9
2018 Release Fish ,7562,80,5.4
2018 Release Fish ,7593,77,5
2018 Release Fish ,7735,75,4.7
2018 Release Fish ,826A,76,4.5
2018 Release Fish ,752C,74,4.8
2018 Release Fish ,72B4,74,4.5
2018 Release Fish ,7DD5,76,4.9
2018 Release Fish ,7656,75,4.7
2018 Release Fish ,78AB,76,5.3
2018 Release Fish ,7EA9,75,4.7
2018 Release Fish ,7567,74,4.7
2018 Release Fish ,7EAA,75,4.4
2018 Release Fish ,7A91,75,4.7
2018 Release Fish ,725A,74,4.3
2018 Release Fish ,74A2,75,4.6
2018 Release Fish ,7AEA,77,4.9
2018 Release Fish ,7B4D,76,5
2018 Release Fish ,775A,78,5.2
2018 Release Fish ,74C5,73,4.4
2018 Release Fish ,7769,75,4.9
2018 Release Fish ,74CA,77,5.5
2018 Release Fish ,7895,75,4.5
2018 Release Fish ,765A,74,4.3
2018 Release Fish ,74B5,76,4.8
2018 Release Fish ,7A6A,77,4.6
2018 Release Fish ,744D,75,4.3
2018 Release Fish ,7B2B,78,5
2018 Release Fish ,74AF,78,4.8
2018 Release Fish ,7D25,76,4.6
2018 Release Fish ,7D59,75,4.4
2018 Release Fish ,75B3,76,4.4
2018 Release Fish ,756D,78,4.7
2018 Release Fish ,750D,79,5.2
2018 Release Fish ,7528,74,4.4
2018 Release Fish ,7D65,78,4.7
2018 Release Fish ,748A,80,5.4
2018 Release Fish ,76D6,80,5.2
2018 Release Fish ,752B,80,5
2018 Release Fish ,72B5,74,4.2
2018 Release Fish ,7AD9,75,4.2
2018 Release Fish ,755C,75,4.5
2018 Release Fish ,7CD5,75,4.4
2018 Release Fish ,766B,77,4.7
2018 Release Fish ,7D6D,77,4.6
2018 Release Fish ,755B,75,4.4
2018 Release Fish ,74A4,75,4.2
2018 Release Fish ,7516,77,5.3
2018 Release Fish ,75B1,73,5.1
2018 Release Fish ,7544,76,5.6
2018 Release Fish ,7435,79,5.7
2018 Release Fish ,76AE,77,5.5
2018 Release Fish ,725B,75,5
2018 Release Fish ,7C95,77,5.2
2018 Release Fish ,76BB,77,5.7
2018 Release Fish ,828A,77,5.4
2018 Release Fish ,74D6,76,5.1
2018 Release Fish ,82D5,76,5.1
2018 Release Fish ,76C9,74,4.7
2018 Release Fish ,766D,77,4.9
2018 Release Fish ,7EB5,75,5.2
2018 Release Fish ,76DA,77,5.4
2018 Release Fish ,769D,77,5.3
2018 Release Fish ,72ED,77,5.2
2018 Release Fish ,76D1,82,6
2018 Release Fish ,7BD5,77,5.5
2018 Release Fish ,7945,75,5
2018 Release Fish ,7AAE,76,5.2
2018 Release Fish ,73A9,77,4.4
2018 Release Fish ,7659,75,4.5
2018 Release Fish ,82A4,78,5.1
2018 Release Fish ,728D,76,5.1
2018 Release Fish ,79AA,76,5.2
2018 Release Fish ,7365,77,5.7
2018 Release Fish ,7B75,75,4.2
2018 Release Fish ,76A7,76,4.2
2018 Release Fish ,7555,74,4.2
2018 Release Fish ,7B25,74,4.2
2018 Release Fish ,7235,74,4.4
2018 Release Fish ,7571,79,5.5
2018 Release Fish ,762D,75,4.2
